text,left_pixels,top_pixels,width_pixels,height_pixels,page
Case ,325,64,76,32,0
1,416,64,13,31,0
:,435,64,4,31,0
24,443,64,35,31,0
-,481,64,9,31,0
mj,495,64,30,31,0
-,528,64,9,31,0
00012,541,64,92,31,0
-,637,64,9,31,0
TJC ,646,64,62,31,0
Document ,757,64,158,26,0
3 ,924,64,18,25,0
Filed ,996,64,67,27,0
"02/09/24
",1076,64,132,26,0
Page ,1259,64,77,33,0
1 ,1349,64,15,32,0
of ,1378,64,26,32,0
"2
",1415,64,17,32,0
AO ,89,146,33,23,0
93 ,126,146,22,22,0
(,159,146,9,22,0
Rev. ,167,146,40,22,0
11/13,214,146,48,22,0
) ,263,146,7,22,0
Search ,276,146,58,22,0
and ,340,146,32,22,0
Seizure ,378,146,64,22,0
"Warrant
",447,146,75,22,0
UNITED ,509,228,169,41,0
STATES ,694,228,161,40,0
DISTRICT ,867,228,208,40,0
"COURT
",1092,228,152,40,0
In ,270,424,22,23,0
the ,299,424,38,22,0
Matter ,343,424,83,22,0
of ,434,424,28,22,0
the ,465,424,37,22,0
Search ,512,424,83,22,0
"of
",602,423,27,22,0
for ,833,298,41,20,0
"the
",874,298,43,20,0
District ,749,347,93,21,0
of ,850,347,28,20,0
"Montana
",881,347,110,20,0
INFORMATION ,152,525,187,24,0
ASSOCAITED ,348,524,176,24,0
WITH ,534,525,69,22,0
IMEI ,613,524,55,22,0
3529 ,678,524,59,22,0
"1110
",747,524,58,22,0
(,223,465,16,24,0
Briefly ,228,464,72,24,0
describe ,305,464,84,24,0
the ,396,464,29,24,0
property ,431,463,88,25,0
to ,524,463,20,24,0
be ,550,463,23,24,0
"searched
",580,463,93,24,0
or ,232,493,22,25,0
identify ,261,493,72,24,0
the ,340,493,30,24,0
person ,374,493,70,24,0
by ,451,493,23,24,0
name ,479,492,54,25,0
and ,540,492,39,24,0
address,584,492,78,24,0
")
",660,492,9,24,0
0163 ,286,556,61,22,0
AND ,355,556,57,21,0
EMAIL ,423,556,81,21,0
"ACCOUNTS
",512,554,155,23,0
FUN1JJ1978@GMAIL.COM ,276,585,340,26,0
"AND
",626,585,56,25,0
"NSALYER@GMAIL.COM
",324,615,314,24,0
")
",859,424,19,26,0
")
",861,458,16,27,0
")
",858,496,20,24,0
Case ,934,474,63,48,0
No. ,1001,473,51,47,0
MJ,1064,471,88,48,0
-,1153,471,13,46,0
24-12,1177,467,150,50,0
-,1335,467,16,46,0
BLG,1353,465,101,48,0
-,1463,464,32,47,0
"TJC
",1463,462,108,49,0
")
",858,530,19,25,0
")
",858,564,22,26,0
")
",859,599,20,27,0
SEARCH ,578,656,145,27,0
AND ,734,656,75,26,0
SEIZURE ,821,656,154,26,0
"WARRANT
",986,656,190,26,0
To,86,722,38,19,0
":
",118,722,13,19,0
Any ,184,718,55,29,0
authorized ,246,717,128,30,0
law ,382,717,43,28,0
enforcement ,432,716,151,30,0
"officer
",593,716,81,28,0
An ,183,768,42,32,0
application ,232,768,133,31,0
by ,372,768,30,31,0
a ,412,768,13,31,0
federal ,432,768,83,31,0
law ,524,768,43,31,0
enforcement ,576,767,151,32,0
officer ,735,767,80,31,0
or ,823,767,24,31,0
an ,855,767,28,31,0
attorney ,892,767,98,31,0
for ,1000,767,35,31,0
the ,1043,766,37,32,0
government ,1088,766,147,31,0
requests ,1242,766,98,31,0
the ,1349,766,36,31,0
"search
",1395,766,77,31,0
"Northern
",813,800,110,19,0
of ,89,804,29,31,0
the ,121,804,37,30,0
following ,167,803,115,31,0
person ,289,803,81,31,0
or ,379,803,23,30,0
property ,410,803,104,30,0
located ,523,802,86,31,0
in ,618,802,24,30,0
"the
",649,802,38,30,0
(,87,844,15,26,0
identify ,97,843,75,26,0
the ,178,843,29,26,0
person ,211,843,70,26,0
or ,287,843,21,26,0
describe ,314,842,84,27,0
the ,405,842,29,26,0
property ,439,842,89,26,0
to ,533,842,20,26,0
be ,559,842,23,26,0
searched ,589,841,92,27,0
and ,687,841,37,26,0
give ,728,841,41,26,0
its ,777,841,23,26,0
location,807,841,81,26,0
),885,841,11,26,0
":
",897,841,5,26,0
District ,1036,802,96,19,0
"of
",1140,802,28,18,0
"California
",1363,800,119,18,0
See ,130,907,46,28,0
Attachment ,184,907,138,27,0
A,329,907,21,27,0
", ",349,907,4,27,0
herein ,364,907,74,27,0
attached ,448,906,106,28,0
and ,562,906,45,27,0
incorporated ,616,906,152,27,0
by ,776,906,29,27,0
"reference
",813,905,116,28,0
I ,189,1073,8,32,0
find ,206,1072,47,32,0
that ,261,1072,43,32,0
the ,313,1072,36,32,0
affidavit,358,1072,101,32,0
(,460,1072,10,32,0
s,470,1072,9,32,0
),482,1072,9,32,0
", ",492,1072,7,32,0
or ,508,1072,25,32,0
any ,540,1072,44,32,0
recorded ,592,1072,106,32,0
testimony,706,1072,117,32,0
", ",825,1072,5,32,0
establish ,840,1072,105,32,0
probable ,954,1072,106,32,0
cause ,1071,1072,65,32,0
to ,1144,1072,24,32,0
search ,1177,1072,77,32,0
and ,1263,1072,42,32,0
seize ,1315,1072,59,32,0
the ,1382,1072,36,32,0
person ,1426,1072,81,32,0
or ,1516,1072,23,32,0
"property
",1548,1072,102,32,0
described ,89,1109,114,32,0
above,212,1109,71,31,0
", ",283,1109,4,31,0
and ,298,1109,43,31,0
that ,347,1109,47,31,0
such ,402,1109,54,31,0
search ,464,1109,78,31,0
will ,550,1109,47,31,0
reveal ,605,1109,75,31,0
(,687,1109,9,31,0
identify ,695,1109,72,31,0
the ,774,1109,29,31,0
person ,808,1109,70,31,0
or ,884,1109,22,31,0
describe ,912,1109,85,31,0
the ,1004,1109,31,31,0
property ,1040,1109,89,31,0
to ,1135,1109,19,31,0
be ,1161,1109,23,31,0
seized,1191,1108,63,31,0
),1250,1108,11,31,0
":
",1262,1108,5,31,0
See ,130,1169,46,28,0
Attachment ,185,1169,136,27,0
A,328,1169,20,27,0
", ",350,1169,3,27,0
III,364,1169,20,27,0
", ",388,1169,4,27,0
herein ,402,1169,73,27,0
attached ,486,1169,105,27,0
and ,601,1169,44,27,0
incoporated ,655,1169,140,27,0
by ,805,1169,27,27,0
"reference
",842,1169,116,27,0
YOU ,189,1381,65,25,0
ARE ,261,1381,61,24,0
COMMANDED ,332,1381,208,24,0
to ,549,1381,22,24,0
execute ,582,1381,91,24,0
this ,681,1381,42,24,0
warrant ,732,1381,91,24,0
on ,832,1381,30,24,0
or ,870,1381,24,24,0
"before
",902,1381,77,24,0
in ,190,1420,21,30,0
the ,219,1420,36,29,0
daytime ,263,1420,97,29,0
6:00 ,367,1420,53,29,0
a.m. ,429,1420,49,29,0
to ,488,1420,23,29,0
10:00 ,522,1420,68,29,0
"p.m.
",597,1420,53,29,0
"1-25-24
",1036,1370,228,38,0
(,1386,1382,16,23,0
not ,1395,1381,35,23,0
to ,1434,1381,20,23,0
exceed ,1460,1381,70,23,0
14 ,1535,1381,25,23,0
days,1563,1381,47,23,0
")
",1607,1381,11,23,0
at ,730,1417,25,31,0
any ,758,1417,43,30,0
time ,809,1417,53,30,0
in ,872,1417,22,30,0
the ,901,1417,38,30,0
day ,946,1417,46,30,0
or ,1000,1417,25,30,0
night ,1033,1417,63,30,0
because ,1103,1417,97,30,0
good ,1208,1417,60,30,0
cause ,1277,1416,66,31,0
has ,1351,1416,40,30,0
been ,1399,1416,58,30,0
established,1464,1416,135,30,0
".
",1601,1416,4,30,0
Unless ,185,1490,83,31,0
delayed ,276,1490,93,30,0
notice ,377,1490,73,30,0
is ,460,1490,17,30,0
authorized ,487,1489,128,31,0
below,623,1489,75,30,0
", ",698,1489,5,30,0
you ,711,1489,46,30,0
must ,765,1489,58,30,0
give ,830,1488,53,31,0
a ,891,1488,14,30,0
copy ,912,1488,58,30,0
of ,980,1488,27,30,0
the ,1011,1488,38,30,0
warrant ,1058,1488,94,30,0
and ,1160,1488,43,30,0
a ,1211,1487,14,30,0
receipt ,1232,1487,83,30,0
for ,1324,1487,33,30,0
the ,1365,1487,36,30,0
property ,1410,1487,102,30,0
taken ,1520,1486,67,31,0
to ,1595,1486,21,30,0
"the
",1626,1486,36,30,0
person ,87,1526,82,31,0
from ,178,1526,55,30,0
whom,239,1526,75,30,0
", ",316,1526,6,30,0
or ,332,1526,24,30,0
from ,365,1525,57,31,0
whose ,429,1525,78,30,0
premises,515,1525,108,30,0
", ",624,1525,6,30,0
the ,639,1525,36,30,0
property ,684,1524,100,30,0
was ,794,1524,44,30,0
taken,847,1524,67,30,0
", ",914,1524,6,30,0
or ,929,1524,25,30,0
leave ,962,1523,64,31,0
the ,1035,1523,37,30,0
copy ,1079,1523,59,30,0
and ,1148,1523,44,30,0
receipt ,1200,1522,83,31,0
at ,1291,1522,20,30,0
the ,1319,1522,36,30,0
place ,1363,1522,64,30,0
where ,1437,1522,72,30,0
"the
",1517,1522,37,30,0
property ,88,1564,101,28,0
was ,197,1563,47,27,0
taken,252,1562,64,28,0
".
",319,1563,4,26,0
The ,188,1609,44,33,0
officer ,242,1609,79,32,0
executing ,329,1609,116,32,0
this ,452,1609,44,32,0
warrant,505,1609,93,32,0
", ",599,1609,5,32,0
or ,614,1609,25,32,0
an ,648,1609,28,32,0
officer ,683,1608,79,33,0
present ,770,1608,87,32,0
during ,865,1608,80,32,0
the ,952,1608,36,32,0
execution ,999,1608,118,32,0
of ,1126,1608,28,32,0
the ,1158,1608,37,32,0
warrant,1204,1607,92,33,0
", ",1297,1607,5,32,0
must ,1311,1607,59,32,0
prepare ,1378,1607,90,32,0
an ,1477,1607,27,32,0
"inventory
",1513,1607,114,32,0
as ,90,1646,22,31,0
required ,123,1646,98,30,0
by ,229,1646,29,30,0
law ,268,1646,41,30,0
and ,318,1646,42,30,0
promptly ,368,1646,110,30,0
return ,487,1646,73,30,0
this ,567,1645,44,31,0
warrant ,619,1645,93,30,0
and ,720,1645,42,30,0
inventory ,771,1645,115,30,0
"to
",894,1645,23,30,0
Timothy ,1186,1643,97,25,0
J. ,1292,1643,17,24,0
"Cavan
",1321,1643,77,24,0
(,1120,1678,20,24,0
United ,1129,1677,72,24,0
States ,1205,1677,59,24,0
Magistrate ,1269,1677,111,24,0
Judge,1385,1677,61,24,0
")
",1444,1677,10,24,0
Pursuant ,190,1727,103,31,0
to ,301,1727,21,30,0
18 ,333,1727,28,30,0
U.S.C. ,370,1727,80,30,0
§ ,461,1727,11,30,0
3103a,482,1727,76,30,0
(,556,1727,12,30,0
b,565,1727,17,30,0
),581,1727,10,30,0
", ",593,1727,6,30,0
I ,607,1727,10,30,0
find ,626,1727,49,30,0
that ,681,1727,44,30,0
immediate ,734,1727,125,30,0
notification ,868,1726,141,30,0
may ,1018,1726,51,30,0
have ,1078,1726,57,30,0
an ,1145,1726,27,30,0
adverse ,1180,1726,93,30,0
result ,1282,1726,67,30,0
listed ,1356,1726,65,30,0
in ,1431,1726,23,30,0
18 ,1462,1726,28,30,0
"U.S.C.
",1498,1725,78,31,0
§ ,92,1763,11,31,0
2705 ,110,1762,61,31,0
(,181,1762,8,31,0
except ,190,1762,76,31,0
for ,275,1762,34,31,0
delay ,317,1762,64,31,0
of ,391,1762,27,31,0
trial,422,1762,48,31,0
),472,1762,9,31,0
", ",483,1762,5,31,0
and ,498,1762,43,31,0
authorize ,550,1761,110,32,0
the ,669,1761,37,31,0
officer ,715,1761,79,31,0
executing ,803,1761,117,31,0
this ,927,1761,44,31,0
warrant ,980,1761,93,31,0
to ,1080,1760,23,32,0
delay ,1113,1760,66,31,0
notice ,1187,1760,74,31,0
to ,1269,1760,23,31,0
the ,1300,1760,36,31,0
person ,1345,1760,81,31,0
who,1434,1760,50,31,0
", ",1486,1760,5,31,0
or ,1502,1760,24,31,0
"whose
",1534,1759,76,32,0
property,88,1799,103,31,0
", ",191,1799,6,30,0
will ,205,1799,48,30,0
be ,258,1799,29,30,0
searched ,296,1799,105,30,0
or ,409,1799,25,30,0
seized ,442,1798,76,30,0
(,526,1798,9,30,0
check ,534,1798,56,30,0
the ,596,1798,31,30,0
appropriate ,633,1798,119,30,0
box,756,1797,38,31,0
")
",791,1797,9,30,0
"for
",191,1841,33,18,0
days ,304,1839,59,26,0
(,370,1839,11,25,0
not ,379,1839,32,25,0
to ,416,1839,19,25,0
exceed ,442,1839,70,25,0
30,518,1839,25,25,0
")
",540,1839,8,25,0
until,624,1833,57,30,0
", ",681,1833,5,29,0
the ,696,1833,35,29,0
facts ,741,1833,54,29,0
justifying,801,1833,119,29,0
", ",922,1833,5,29,0
the ,936,1833,36,29,0
later ,981,1833,55,29,0
specific ,1043,1832,94,29,0
date ,1147,1832,50,29,0
"of
",1206,1832,28,29,0
Date ,92,1930,53,43,0
and ,155,1930,41,42,0
time ,205,1930,51,42,0
issued,265,1930,73,42,0
: ,342,1930,4,42,0
"1-11-24
",375,1929,181,43,0
10:57,643,1929,142,44,0
a.m,788,1929,78,44,0
".
",869,1929,7,44,0
City ,85,2042,59,27,0
and ,148,2042,46,27,0
state,200,2042,55,27,0
":
",255,2042,6,27,0
Billings,348,2017,190,80,0
", ",528,2017,26,78,0
"MT
",560,2016,133,79,0
Judge's ,1213,1970,76,21,0
"signature
",1297,1970,93,20,0
Timothy ,1047,2027,100,29,0
J. ,1155,2027,19,28,0
Cavan,1185,2027,77,28,0
", ",1266,2027,4,28,0
U.S. ,1281,2027,49,28,0
Magistrate ,1340,2027,129,28,0
"Judge
",1478,2027,74,28,0
Printed ,1186,2068,81,17,0
name ,1271,2068,53,17,0
and ,1332,2068,38,17,0
"title
",1374,2068,39,17,0
Attachment ,783,225,177,27,1
"A
",964,225,29,27,1
I. ,195,300,20,34,1
Subject ,233,300,112,34,1
Account ,351,300,123,34,1
and ,483,300,54,34,1
Execution ,549,300,146,34,1
of ,705,300,29,34,1
"Warrant
",742,300,127,34,1
This ,420,373,61,38,1
warrant ,490,373,106,38,1
is ,605,373,21,38,1
directed ,635,373,110,38,1
to ,754,373,28,38,1
Google,789,373,102,38,1
", ",891,373,7,38,1
Inc. ,909,373,51,38,1
(,971,373,12,38,1
the ,981,373,43,38,1
"""",1034,373,14,38,1
Provider,1047,373,122,39,1
"""",1169,374,13,38,1
),1182,374,11,38,1
", ",1195,374,6,38,1
headquartered ,1211,374,196,38,1
at ,1415,374,26,38,1
"1600
",1452,374,67,38,1
Amphitheatre ,214,420,189,36,1
Parkway,410,420,122,36,1
", ",532,420,6,36,1
Mountain ,550,420,135,36,1
View,693,420,74,36,1
", ",766,420,7,36,1
California ,784,421,140,36,1
94043,930,421,85,36,1
", ",1020,421,6,36,1
and ,1036,421,50,36,1
applies ,1094,421,98,36,1
to ,1199,421,28,36,1
all ,1235,421,35,36,1
content ,1279,421,102,37,1
and ,1389,422,50,36,1
"other
",1448,422,70,36,1
information,213,462,163,40,1
", ",376,463,7,38,1
specifically ,392,463,159,40,1
including ,561,464,130,38,1
geolocation ,699,464,160,40,1
information,868,465,163,39,1
", ",1032,465,7,38,1
within ,1049,465,88,39,1
the ,1143,466,45,38,1
Provider's ,1196,466,143,38,1
possession,1348,466,148,40,1
",
",1496,467,7,38,1
custody,214,511,106,35,1
", ",321,511,5,35,1
or ,337,511,29,35,1
control ,373,511,97,35,1
associated ,480,511,143,35,1
with ,632,511,61,36,1
the ,701,512,41,35,1
IMEI,751,512,73,35,1
/,821,512,15,35,1
MEID ,835,512,87,35,1
3529 ,932,512,62,35,1
1110 ,1008,512,58,35,1
0163 ,1074,512,63,36,1
379 ,1144,513,50,35,1
and,1203,513,49,35,1
/,1250,513,13,35,1
or ,1262,513,28,35,1
email ,1299,513,75,35,1
"addresses
",1384,513,131,35,1
fun1jj1978@gmail.com ,215,555,325,41,1
or ,550,556,29,39,1
nsayler@gmail.com ,587,556,275,41,1
(,872,557,12,39,1
the ,882,557,42,39,1
"""",935,557,14,39,1
Subject ,949,557,105,39,1
Account,1061,557,120,40,1
"""",1182,558,11,39,1
),1194,558,11,39,1
".
",1208,558,5,39,1
A ,415,634,28,36,1
law ,451,634,50,36,1
enforcement ,509,634,174,36,1
officer ,691,634,90,36,1
will ,790,634,52,36,1
serve ,852,634,71,36,1
this ,933,634,49,36,1
warrant ,993,634,105,36,1
by ,1106,634,35,36,1
transmitting ,1149,634,168,37,1
it ,1324,635,21,36,1
via ,1352,635,43,36,1
email ,1403,635,76,36,1
"or
",1489,635,27,36,1
another ,211,678,103,39,1
appropriate ,321,678,157,39,1
manner ,486,678,104,39,1
to ,599,678,27,39,1
the ,634,678,44,39,1
Provider,686,678,118,39,1
. ,803,678,6,39,1
The ,818,678,55,39,1
Provider ,882,679,121,39,1
is ,1010,679,24,39,1
directed ,1041,679,113,39,1
to ,1160,679,29,39,1
produce ,1196,679,113,39,1
to ,1317,679,27,39,1
the ,1352,679,43,39,1
"law
",1405,679,49,39,1
enforcement ,210,722,172,38,1
officer ,388,722,94,38,1
an ,490,722,33,38,1
electronic ,531,722,138,38,1
copy ,676,722,67,38,1
of ,751,722,33,38,1
the ,786,722,44,38,1
information ,837,723,165,38,1
specified ,1012,723,125,38,1
in ,1144,723,28,38,1
Section ,1180,723,105,38,1
II ,1292,723,22,38,1
below,1321,723,87,38,1
. ,1406,723,7,38,1
"Upon
",1431,723,78,39,1
receipt ,211,767,91,35,1
of ,311,767,32,35,1
the ,348,767,41,35,1
production,398,767,150,35,1
", ",547,767,7,35,1
law ,565,767,52,35,1
enforcement ,623,767,172,35,1
personnel ,803,767,134,35,1
will ,948,767,52,35,1
review ,1010,767,95,35,1
the ,1111,767,43,35,1
information ,1164,767,163,35,1
for ,1335,767,39,36,1
"items
",1385,768,72,35,1
falling ,211,812,88,36,1
within ,307,812,88,36,1
the ,402,812,43,36,1
categories ,453,812,140,36,1
specified ,601,812,125,36,1
in ,735,812,26,36,1
Section ,770,812,102,36,1
III ,881,812,33,36,1
below,924,812,86,36,1
".
",1011,812,6,36,1
II,174,889,26,33,1
. ,202,889,6,33,1
Information ,226,889,179,33,1
to ,413,889,28,33,1
be ,450,889,34,33,1
Produced,493,889,142,33,1
/,635,889,13,33,1
Disclosed ,646,889,136,33,1
by ,790,889,37,33,1
the ,834,889,47,33,1
"Provider
",891,889,130,33,1
To ,309,960,38,39,1
the ,357,960,41,39,1
extent ,407,960,84,39,1
within ,500,960,88,39,1
the ,596,961,43,39,1
Provider's ,648,961,141,40,1
possession,798,961,148,41,1
", ",946,962,7,39,1
custody,962,962,110,39,1
", ",1072,962,7,39,1
or ,1087,962,31,39,1
control,1125,963,99,39,1
", ",1224,963,7,39,1
including ,1242,963,129,39,1
"any
",1379,964,50,39,1
information ,210,1007,159,38,1
that ,377,1007,51,38,1
has ,436,1007,46,38,1
been ,490,1007,67,38,1
deleted ,564,1007,101,39,1
but ,672,1008,46,38,1
is ,725,1008,24,38,1
still ,758,1008,51,38,1
available ,816,1008,125,38,1
to ,949,1008,28,39,1
the ,984,1009,44,38,1
Provider ,1036,1009,120,38,1
or ,1164,1009,30,38,1
that ,1201,1009,54,38,1
has ,1261,1009,46,38,1
been ,1315,1009,67,39,1
"preserved
",1389,1010,136,38,1
pursuant ,205,1053,120,38,1
to ,332,1053,27,38,1
a ,367,1053,16,38,1
request ,391,1053,100,38,1
made ,499,1053,75,38,1
under ,582,1053,80,38,1
18 ,673,1053,31,38,1
U.S.C. ,712,1053,91,38,1
§ ,816,1053,12,38,1
2703,838,1053,69,39,1
(,907,1054,12,38,1
f,920,1054,16,38,1
),929,1054,13,38,1
", ",943,1054,6,38,1
the ,960,1054,42,38,1
Provider ,1012,1054,119,38,1
is ,1140,1054,23,38,1
directed ,1170,1054,113,38,1
to ,1291,1054,27,38,1
produce ,1324,1054,112,38,1
"the
",1444,1054,43,38,1
following ,208,1097,130,37,1
information ,346,1097,163,37,1
associated ,518,1097,143,37,1
with ,670,1097,59,37,1
the ,737,1098,42,37,1
Subject ,788,1098,102,37,1
Account,898,1098,120,37,1
(,1018,1098,12,37,1
s,1029,1098,13,37,1
) ,1041,1098,11,37,1
for ,1062,1098,42,37,1
the ,1111,1098,42,37,1
time ,1161,1098,62,37,1
period ,1231,1099,90,37,1
May ,1328,1099,63,37,1
01,1400,1099,32,37,1
", ",1436,1099,6,37,1
"2020
",1451,1099,70,37,1
through ,205,1143,104,35,1
December ,317,1143,142,35,1
17,472,1143,31,35,1
", ",504,1143,6,35,1
2020,520,1143,69,35,1
":
",592,1143,5,35,1
a,302,1225,22,19,1
. ,320,1225,8,19,1
Subscriber,405,1214,156,42,1
/,560,1215,18,40,1
registration ,578,1215,166,42,1
information ,751,1215,174,42,1
to ,933,1216,30,40,1
include ,972,1217,108,40,1
name,1087,1217,83,40,1
", ",1171,1217,7,40,1
emails,1187,1217,95,41,1
", ",1284,1218,8,40,1
phone ,1299,1218,94,40,1
numbers,1399,1218,126,41,1
",
",1528,1219,7,40,1
addresses,204,1255,134,37,1
", ",341,1255,6,37,1
account ,359,1255,114,37,1
creation ,481,1255,118,37,1
dates,608,1255,76,37,1
", ",686,1255,6,37,1
account ,702,1255,115,38,1
status,825,1256,81,37,1
", ",909,1256,7,37,1
registration ,925,1256,167,37,1
IP ,1100,1256,36,37,1
address,1143,1256,110,37,1
", ",1254,1256,7,37,1
means ,1271,1256,94,38,1
and ,1374,1257,56,37,1
"source
",1437,1257,94,37,1
of ,202,1294,34,38,1
payment ,237,1294,130,38,1
(,375,1294,13,38,1
including ,385,1294,138,38,1
any ,530,1294,56,38,1
credit ,593,1294,85,38,1
or ,685,1294,32,38,1
bank ,723,1294,73,38,1
account ,803,1295,115,38,1
numbers,927,1295,125,38,1
),1051,1295,12,38,1
", ",1065,1295,8,38,1
records ,1082,1295,106,38,1
of ,1197,1295,35,38,1
session ,1237,1295,104,38,1
times ,1347,1295,79,39,1
"and
",1436,1296,55,38,1
durations,201,1334,138,39,1
", ",339,1334,6,39,1
and ,356,1334,54,39,1
the ,420,1334,45,39,1
temporarily ,473,1334,172,39,1
assigned ,652,1334,124,40,1
network ,784,1335,121,39,1
addresses ,912,1335,139,39,1
(,1059,1335,14,39,1
such ,1070,1335,70,39,1
as ,1147,1335,30,39,1
Internet ,1187,1336,115,39,1
Protocol ,1309,1336,126,39,1
(,1445,1336,11,39,1
"""",1457,1336,12,39,1
IP,1472,1336,34,39,1
"""",1507,1336,14,39,1
")
",1521,1336,12,39,1
addresses,201,1373,137,39,1
) ,337,1373,12,39,1
associated ,358,1373,151,40,1
with ,515,1374,66,39,1
those ,588,1374,80,39,1
sessions,676,1374,113,39,1
", ",791,1375,7,39,1
including ,808,1375,139,39,1
log,955,1375,47,39,1
-,1000,1375,10,39,1
in ,1011,1375,29,39,1
IP ,1047,1375,36,39,1
addresses,1089,1376,141,39,1
", ",1230,1376,7,39,1
length ,1246,1376,93,39,1
of ,1346,1376,34,39,1
"service
",1384,1377,100,39,1
(,196,1413,21,39,1
including ,211,1413,139,39,1
start ,354,1413,66,39,1
date ,426,1413,64,39,1
and ,497,1413,58,39,1
creation ,560,1414,121,39,1
IP,689,1414,35,39,1
) ,720,1414,13,39,1
and ,741,1414,57,39,1
types ,804,1414,76,39,1
of ,888,1415,33,39,1
service ,927,1415,101,39,1
utilized,1036,1415,110,39,1
", ",1147,1415,6,39,1
and ,1163,1415,56,39,1
change ,1226,1416,104,39,1
history,1337,1416,103,39,1
";
",1440,1416,7,39,1
b,298,1472,23,27,1
. ,321,1472,6,27,1
Records ,404,1471,113,36,1
of ,527,1471,31,36,1
user ,564,1471,59,36,1
activity ,630,1471,103,37,1
for ,741,1472,41,36,1
each ,789,1472,64,36,1
connection ,861,1472,153,38,1
made ,1023,1473,73,36,1
to ,1106,1473,26,36,1
or ,1141,1473,30,36,1
from ,1180,1474,65,36,1
the ,1254,1474,43,36,1
Account,1303,1474,120,36,1
(,1420,1475,15,36,1
s,1432,1475,15,36,1
),1447,1475,12,36,1
",
",1460,1475,8,36,1
including,202,1509,126,36,1
", ",330,1509,6,36,1
for ,347,1509,39,36,1
all ,393,1509,35,36,1
Google ,436,1509,102,37,1
services,548,1510,111,36,1
", ",660,1510,6,36,1
the ,676,1510,42,36,1
date,725,1510,58,37,1
", ",783,1511,7,36,1
time,799,1511,62,36,1
", ",861,1511,7,36,1
length,878,1511,88,36,1
", ",964,1511,7,36,1
and ,982,1511,49,37,1
method ,1040,1512,104,36,1
of ,1153,1512,32,36,1
connection,1190,1512,151,38,1
", ",1342,1513,6,36,1
data ,1359,1513,57,36,1
"transfer
",1425,1513,105,37,1
volume,199,1549,103,37,1
", ",302,1549,6,37,1
user ,318,1549,57,37,1
names,383,1549,88,37,1
", ",472,1549,6,37,1
source ,487,1549,91,37,1
and ,587,1549,49,38,1
destination ,644,1550,152,37,1
IP ,805,1550,29,37,1
address,843,1550,104,37,1
", ",948,1550,7,37,1
name ,965,1550,74,38,1
of ,1048,1551,31,37,1
accessed ,1085,1551,121,37,1
Google ,1213,1551,103,37,1
service,1325,1551,97,37,1
", ",1424,1551,6,37,1
and ,1440,1552,50,37,1
"all
",1498,1552,34,37,1
activity ,198,1589,104,34,1
"logs
",310,1589,56,34,1
c,295,1655,22,18,1
. ,314,1655,11,18,1
All ,401,1646,44,37,1
Gmail ,453,1646,86,37,1
address,550,1646,104,37,1
(,655,1646,12,37,1
es,666,1646,28,37,1
) ,694,1646,11,37,1
associated ,713,1647,141,37,1
with ,864,1647,61,37,1
the ,931,1647,44,37,1
identified ,984,1647,133,38,1
Account,1125,1648,117,37,1
(,1242,1648,11,37,1
s,1254,1648,13,37,1
) ,1267,1648,11,37,1
including ,1288,1648,128,38,1
"any
",1426,1649,49,37,1
secondary ,199,1683,135,36,1
or ,344,1683,29,36,1
backup ,381,1683,99,36,1
email ,488,1683,78,37,1
addresses ,574,1684,132,36,1
associated ,715,1684,140,36,1
with ,865,1685,61,36,1
the ,934,1685,42,36,1
Accounts,986,1685,130,36,1
";
",1118,1685,6,36,1
d,291,1741,29,26,1
. ,315,1741,8,26,1
All ,401,1741,43,36,1
IP ,454,1741,30,36,1
Address ,494,1741,111,36,1
logs ,615,1741,58,36,1
for ,681,1741,39,36,1
all ,729,1741,35,36,1
services ,773,1741,109,36,1
utilized ,892,1741,103,36,1
by ,1004,1741,34,37,1
the ,1047,1742,42,36,1
Account,1098,1742,118,36,1
(,1215,1742,12,36,1
s,1227,1742,13,36,1
),1240,1742,10,36,1
", ",1252,1742,7,36,1
to ,1268,1742,28,36,1
include ,1305,1742,100,36,1
"records
",1415,1742,99,36,1
of ,197,1779,30,36,1
session ,233,1779,99,36,1
times ,339,1779,74,36,1
and ,422,1779,50,36,1
durations,480,1779,129,36,1
", ",611,1779,6,36,1
login,628,1779,72,36,1
/,697,1779,13,36,1
logout,708,1779,88,36,1
/,791,1779,14,36,1
intra,804,1779,64,36,1
-,867,1779,10,36,1
communication ,877,1779,217,37,1
IP ,1103,1780,28,36,1
addresses ,1142,1780,132,36,1
associated ,1283,1780,141,36,1
"with
",1433,1780,62,36,1
session ,198,1818,96,36,1
times ,302,1818,74,36,1
and ,385,1818,50,36,1
date,441,1818,60,36,1
", ",502,1818,7,36,1
methods ,518,1818,116,36,1
of ,644,1818,33,36,1
connecting,681,1818,150,36,1
", ",831,1818,7,36,1
and ,848,1818,50,36,1
log ,907,1819,44,36,1
files,960,1819,60,36,1
";
",1021,1819,6,36,1
e,294,1883,20,19,1
".
",313,1883,7,19,1
Location ,399,1876,124,37,1
history ,529,1876,98,37,1
for ,636,1876,41,37,1
the ,685,1876,40,37,1
Subject ,735,1876,101,37,1
Account,844,1876,119,37,1
(,963,1876,12,37,1
s,974,1876,13,37,1
) ,986,1877,11,37,1
for ,1009,1877,39,37,1
the ,1055,1877,44,37,1
period ,1107,1877,87,37,1
May ,1205,1877,62,37,1
01,1276,1877,32,37,1
", ",1311,1877,6,37,1
2020 ,1327,1877,69,37,1
"through
",1406,1877,108,37,1
December ,194,1914,141,36,1
17,346,1914,30,36,1
", ",379,1914,5,36,1
2020 ,393,1914,68,36,1
(,470,1914,13,36,1
MDT ,484,1914,79,36,1
(,572,1914,13,36,1
-6 ,583,1914,31,36,1
hours ,623,1914,82,36,1
from ,714,1914,71,36,1
UTC,795,1914,73,36,1
),864,1914,12,36,1
) ,876,1915,12,36,1
to ,898,1915,30,36,1
include ,937,1915,107,36,1
deleted ,1053,1915,110,36,1
information,1172,1915,173,36,1
", ",1346,1915,6,36,1
"derived
",1362,1915,110,36,1
from ,196,1952,68,38,1
Global ,269,1952,102,38,1
Positioning ,380,1952,167,38,1
System ,555,1952,107,38,1
(,669,1952,13,38,1
GPS,682,1952,68,38,1
) ,746,1952,13,38,1
data,767,1952,65,38,1
", ",831,1952,7,38,1
cell ,847,1953,51,38,1
site,906,1953,52,38,1
/,956,1953,20,38,1
cell ,975,1953,51,38,1
tower ,1034,1953,85,38,1
triangulation ,1127,1953,189,38,1
"precision
",1322,1953,135,38,1
"16
",842,2031,42,26,1
measurement ,216,226,194,38,2
information ,419,226,172,37,2
such ,601,226,67,37,2
as ,676,226,30,37,2
timing ,715,225,94,37,2
advance ,816,225,122,37,2
or ,946,225,32,37,2
per ,985,225,50,37,2
call ,1041,225,54,37,2
measurement ,1102,224,197,38,2
data,1307,224,63,37,2
", ",1371,224,5,37,2
Wi,1386,224,49,37,2
-,1435,224,8,37,2
"Fi
",1442,224,33,37,2
location ,217,266,116,39,2
information,343,266,170,38,2
", ",514,266,7,38,2
and ,531,266,56,38,2
Bluetooth ,593,266,146,38,2
location ,747,265,118,39,2
information,873,265,175,38,2
. ,1049,265,6,38,2
Such ,1065,265,75,38,2
data ,1147,265,64,38,2
shall ,1218,265,71,38,2
include ,1297,264,106,39,2
the ,1411,264,46,38,2
"GPS
",1465,264,69,38,2
coordinates,215,307,166,40,2
", ",382,307,6,39,2
the ,399,307,46,39,2
dates ,452,307,77,39,2
and ,537,307,57,39,2
times ,600,306,79,39,2
of ,688,306,33,39,2
all ,725,306,38,39,2
location ,769,306,118,39,2
recordings,894,305,152,40,2
", ",1049,305,7,39,2
origin ,1066,305,87,39,2
of ,1162,305,35,39,2
how ,1199,305,66,39,2
the ,1273,305,46,39,2
"location
",1327,304,119,40,2
recordings ,216,348,148,39,2
were ,372,348,73,38,2
obtained,451,348,130,38,2
", ",580,348,7,38,2
and ,596,347,57,39,2
estimated ,660,347,140,38,2
radius,809,347,88,38,2
";
",899,347,6,38,2
f,315,411,20,25,2
. ,327,410,7,25,2
The ,419,406,53,37,2
contents ,479,406,116,36,2
of ,604,406,34,36,2
all ,643,406,34,36,2
text ,684,406,52,36,2
messages,745,406,127,36,2
", ",875,406,7,36,2
voicemails,890,406,150,36,2
", ",1041,406,7,36,2
recorded ,1057,405,124,37,2
calls,1187,405,65,36,2
", ",1253,405,7,36,2
emails,1269,405,90,36,2
", ",1360,405,7,36,2
and ,1375,405,52,36,2
"chat
",1436,405,55,36,2
messages ,216,446,126,40,2
associated ,352,446,141,39,2
with ,502,446,60,39,2
the ,570,446,43,39,2
account ,621,446,107,39,2
for ,737,445,39,40,2
the ,783,445,43,39,2
period ,834,445,90,39,2
of ,932,445,34,39,2
May ,969,445,65,39,2
01,1040,445,35,39,2
", ",1077,445,8,39,2
2020,1091,445,73,39,2
", ",1163,445,7,39,2
up ,1180,445,34,39,2
to ,1224,445,26,39,2
and ,1259,444,50,40,2
"including
",1318,444,130,39,2
December ,215,486,139,38,2
17,365,486,31,37,2
", ",397,486,6,37,2
2020,412,486,71,37,2
", ",483,486,7,37,2
including ,500,486,131,37,2
stored ,641,486,82,37,2
or ,731,485,29,37,2
preserved ,768,485,134,37,2
copies ,910,485,89,37,2
of ,1007,485,33,37,2
chat ,1044,485,59,37,2
logs,1112,485,58,37,2
", ",1169,485,8,37,2
emails ,1186,484,91,38,2
sent ,1286,484,55,37,2
to ,1349,484,27,37,2
and ,1385,484,50,37,2
"from
",1443,484,66,37,2
the ,215,526,41,38,2
account,265,526,105,37,2
", ",370,526,6,37,2
draft ,386,526,66,37,2
communications,459,524,230,39,2
", ",690,525,7,37,2
the ,705,525,42,37,2
source ,755,525,89,37,2
and ,854,525,49,37,2
destination ,912,525,151,37,2
addresses ,1073,524,130,38,2
associated ,1214,524,142,37,2
with ,1365,524,61,37,2
"each
",1435,524,62,37,2
communication,216,565,211,39,2
", ",427,565,7,38,2
the ,443,565,42,38,2
date ,493,565,58,38,2
and ,560,565,51,38,2
time ,618,565,63,38,2
at ,690,564,25,38,2
which ,721,564,84,38,2
each ,813,564,63,38,2
communication ,884,564,217,38,2
was ,1110,563,53,39,2
sent,1172,563,56,38,2
", ",1228,563,6,38,2
and ,1245,563,49,38,2
the ,1301,563,44,38,2
size ,1354,563,53,38,2
"and
",1416,563,50,38,2
length ,216,606,83,38,2
of ,308,606,32,37,2
each ,344,606,62,37,2
communication,415,606,216,37,2
";
",632,606,6,37,2
g,312,675,25,24,2
. ,333,674,9,24,2
All ,417,663,43,36,2
photos ,469,663,92,35,2
and ,571,663,50,35,2
videos ,630,663,89,35,2
stored ,728,663,83,35,2
in ,820,663,27,35,2
the ,855,663,43,35,2
account,905,663,111,35,2
";
",1015,663,8,35,2
h,311,723,25,25,2
".
",334,723,7,25,2
Passwords ,418,717,152,37,2
or ,581,717,31,36,2
other ,620,717,78,36,2
protective ,704,717,143,36,2
devices ,855,717,106,36,2
in ,972,717,29,36,2
place ,1009,717,77,36,2
and ,1094,717,56,36,2
associated ,1157,717,151,36,2
with ,1316,717,66,36,2
"the
",1391,717,45,36,2
Account,210,757,128,38,2
(,337,757,13,37,2
s,347,757,13,37,2
),360,757,11,37,2
", ",373,757,7,37,2
which ,388,757,91,37,2
would ,488,757,93,37,2
permit ,587,757,98,37,2
access ,693,757,89,37,2
to ,790,757,30,37,2
the ,829,757,45,37,2
content ,881,756,112,37,2
stored ,1000,756,90,37,2
therein,1097,756,105,37,2
";
",1201,756,7,37,2
i,316,817,12,27,2
. ,327,816,5,27,2
Web ,414,811,73,40,2
search ,497,811,92,39,2
history,596,811,103,39,2
", ",700,811,6,39,2
including,716,811,137,39,2
", ",853,811,7,39,2
but ,868,811,51,39,2
not ,926,811,50,39,2
limited ,984,811,104,39,2
to,1095,811,30,39,2
", ",1126,811,6,39,2
mobile ,1144,811,100,39,2
and ,1253,811,55,39,2
desktop ,1316,811,113,39,2
"browser
",1437,811,116,39,2
searches,214,857,120,31,2
";
",331,857,10,30,2
j,309,916,15,32,2
".
",328,915,4,32,2
Downloaded,414,908,195,39,2
", ",609,908,6,38,2
installed,627,908,122,38,2
", ",749,908,6,38,2
and,766,908,55,38,2
/,820,908,18,38,2
or ,839,908,30,38,2
purchased ,877,908,152,38,2
apps ,1035,908,68,38,2
along ,1111,908,83,38,2
"with
",1201,908,66,38,2
activity,217,951,102,38,2
/,322,951,16,37,2
registration ,339,951,163,37,2
information,510,951,175,37,2
";
",686,951,8,37,2
k,309,1013,29,26,2
".
",331,1012,9,26,2
1,315,1070,12,26,2
".
",328,1070,4,26,2
Voice ,417,1005,83,38,2
and,509,1005,49,37,2
/,556,1005,12,37,2
or ,568,1005,28,37,2
audio ,605,1005,76,37,2
activity ,691,1005,101,37,2
recordings,801,1005,144,37,2
/,945,1005,12,37,2
captures,956,1005,115,37,2
";
",1073,1005,6,37,2
Google ,411,1062,115,40,2
Map ,529,1062,74,39,2
locations ,612,1062,129,39,2
which ,749,1062,90,39,2
are ,847,1062,46,39,2
saved ,902,1062,84,39,2
and,993,1062,56,39,2
/,1048,1062,18,39,2
or ,1066,1061,32,40,2
frequent ,1106,1061,121,39,2
locations,1235,1061,131,39,2
", ",1368,1061,6,39,2
"favorite
",1386,1061,112,39,2
and,214,1103,54,39,2
/,267,1103,19,38,2
or ,285,1103,30,38,2
starred ,325,1103,98,38,2
locations ,429,1103,132,38,2
including,573,1103,138,38,2
", ",709,1102,6,38,2
but ,724,1102,50,38,2
not ,781,1102,49,38,2
limited ,838,1102,105,38,2
to,950,1102,30,38,2
", ",980,1102,7,38,2
searches ,997,1102,121,38,2
conducted ,1127,1101,154,39,2
using ,1288,1101,80,38,2
the ,1377,1101,44,38,2
"Google
",1428,1101,110,38,2
Map ,209,1146,71,36,2
and,290,1146,54,35,2
/,345,1146,16,35,2
or ,362,1146,29,35,2
Maze ,399,1146,84,35,2
services,492,1146,111,35,2
";
",606,1146,7,35,2
m,311,1214,33,17,2
. ,340,1213,8,17,2
Google ,410,1198,117,40,2
Voice ,530,1198,89,39,2
incoming ,627,1198,136,39,2
or ,771,1198,32,39,2
outgoing ,810,1198,131,39,2
phone ,947,1197,93,40,2
calls,1047,1197,67,39,2
", ",1115,1197,7,39,2
voicemails,1130,1197,156,39,2
", ",1288,1197,6,39,2
"including
",1306,1197,139,39,2
voicemail ,213,1238,141,38,2
content ,360,1238,110,37,2
and ,478,1238,56,37,2
any ,541,1237,54,37,2
and ,604,1237,56,37,2
all ,667,1237,38,37,2
incoming ,712,1237,136,37,2
or ,856,1236,31,37,2
outgoing ,896,1236,131,37,2
text ,1035,1236,55,37,2
message ,1098,1235,122,38,2
history,1229,1235,101,37,2
", ",1331,1235,5,37,2
together ,1347,1235,121,37,2
"with
",1475,1234,66,38,2
the ,215,1279,43,36,2
content ,265,1279,109,35,2
thereof ,383,1279,105,35,2
to ,492,1279,29,35,2
include ,532,1278,105,36,2
SMS,646,1278,71,35,2
", ",719,1278,6,35,2
MMS,736,1278,85,35,2
", ",822,1278,6,35,2
or ,840,1278,30,35,2
any ,878,1277,55,36,2
other ,940,1277,78,35,2
form ,1026,1277,71,35,2
of ,1105,1277,35,35,2
text ,1144,1277,55,35,2
"message
",1207,1276,122,36,2
communication,212,1316,230,41,2
", ",440,1317,8,39,2
and ,456,1316,60,39,2
any ,520,1316,57,39,2
call ,583,1316,55,39,2
forwarding ,644,1314,161,41,2
numbers ,812,1313,126,41,2
and ,947,1314,57,39,2
account ,1011,1313,116,40,2
backup ,1134,1313,106,40,2
telephone ,1249,1312,143,40,2
numbers,1400,1311,124,40,2
";
",1525,1312,8,39,2
n,311,1390,24,17,2
. ,332,1389,6,17,2
Google ,412,1374,107,39,2
Hangouts ,523,1373,135,40,2
connection ,668,1372,149,40,2
records ,825,1372,101,39,2
including,936,1371,129,39,2
", ",1067,1372,8,38,2
but ,1082,1372,48,38,2
not ,1137,1371,45,39,2
limited ,1190,1371,99,38,2
to,1296,1371,29,38,2
", ",1324,1371,8,38,2
voice ,1340,1370,75,39,2
calls,1422,1370,65,38,2
",
",1488,1370,8,38,2
video ,213,1414,76,39,2
calls,296,1414,63,38,2
", ",359,1414,6,38,2
text ,375,1414,53,38,2
messages ,436,1412,129,40,2
and,575,1413,50,38,2
/,622,1413,14,38,2
or ,635,1412,28,39,2
chats,672,1412,68,38,2
", ",742,1412,6,38,2
and ,759,1412,47,38,2
voicemails,816,1410,150,40,2
; ,967,1411,7,38,2
all ,983,1411,36,38,2
stored ,1027,1410,85,39,2
content ,1120,1410,103,38,2
to ,1230,1410,27,38,2
include ,1266,1409,102,39,2
"voicemails
",1376,1408,149,39,2
and ,216,1456,44,38,2
message,271,1455,113,39,2
/,384,1455,11,37,2
chat ,395,1455,57,37,2
content,459,1453,103,39,2
; ,563,1454,7,37,2
IP ,580,1454,31,37,2
logs,620,1453,58,38,2
; ,679,1453,7,37,2
any ,695,1453,49,37,2
call ,751,1453,50,37,2
forwarding ,810,1451,153,39,2
numbers ,972,1450,118,39,2
and ,1099,1450,51,38,2
account ,1158,1449,108,39,2
backup ,1273,1448,100,39,2
"telephone
",1382,1447,133,39,2
numbers,214,1494,115,38,2
; ,330,1495,5,36,2
subscriber ,349,1493,138,38,2
information,497,1492,164,38,2
; ,657,1492,10,36,2
and ,678,1492,50,36,2
billing ,735,1490,89,38,2
information,834,1490,163,37,2
";
",998,1490,6,36,2
0. ,311,1562,27,18,2
All ,415,1548,44,36,2
records ,470,1548,99,35,2
or ,579,1548,29,35,2
other ,617,1547,71,36,2
information ,697,1546,160,37,2
regarding ,866,1545,131,37,2
the ,1007,1546,40,35,2
identification ,1058,1544,184,37,2
of ,1249,1545,35,35,2
the ,1286,1545,44,35,2
"account
",1338,1544,108,36,2
subscriber ,216,1589,135,41,2
and,361,1589,48,39,2
/,408,1589,12,39,2
or ,419,1589,29,39,2
user,456,1589,58,39,2
(,514,1588,12,39,2
s,525,1588,13,39,2
),539,1588,11,39,2
", ",550,1588,7,39,2
to ,566,1588,27,39,2
include ,604,1586,100,41,2
full ,713,1587,47,39,2
name,769,1585,74,41,2
", ",843,1586,7,39,2
physical ,859,1585,116,40,2
address,984,1584,102,41,2
", ",1088,1584,7,39,2
telephone ,1105,1583,133,41,2
numbers ,1248,1582,118,41,2
and ,1375,1582,50,39,2
"other
",1435,1582,69,39,2
identifiers,216,1629,132,39,2
", ",352,1630,5,37,2
records ,368,1628,99,39,2
of ,476,1629,34,37,2
session ,515,1627,99,39,2
times ,621,1626,77,39,2
and ,706,1627,48,37,2
durations,762,1625,127,39,2
", ",890,1626,7,37,2
the ,906,1626,44,37,2
date ,958,1625,59,37,2
on ,1026,1625,34,37,2
which ,1069,1623,83,39,2
the ,1161,1624,42,37,2
account ,1212,1622,107,39,2
was ,1330,1622,51,38,2
created,1390,1621,100,39,2
", ",1491,1622,6,37,2
"the
",1507,1621,41,38,2
length ,213,1668,83,42,2
of ,306,1669,32,40,2
service,344,1667,95,42,2
", ",440,1668,7,40,2
the ,454,1668,44,40,2
IP ,508,1668,30,40,2
address ,546,1666,105,42,2
used ,659,1666,62,41,2
to ,728,1666,27,40,2
register ,765,1665,103,42,2
the ,876,1665,42,40,2
account,927,1664,107,42,2
", ",1035,1664,8,40,2
login ,1051,1664,73,40,2
IP ,1131,1664,31,40,2
addresses ,1171,1662,132,42,2
associated ,1312,1661,141,42,2
"with
",1461,1662,61,40,2
session ,215,1707,94,39,2
times ,320,1706,72,39,2
and ,402,1707,49,37,2
dates,459,1706,70,38,2
", ",531,1706,7,37,2
account ,547,1705,108,39,2
status,664,1704,76,38,2
", ",742,1705,6,37,2
alternative ,758,1703,143,39,2
email ,911,1702,76,39,2
addresses ,997,1701,132,39,2
provided ,1137,1700,125,39,2
during ,1269,1700,89,38,2
registration,1367,1699,159,39,2
",
",1525,1699,7,37,2
methods ,210,1746,117,42,2
of ,336,1747,33,40,2
connecting,373,1745,151,42,2
", ",523,1745,8,40,2
log ,540,1745,44,40,2
files,594,1745,59,40,2
", ",654,1745,6,40,2
and ,669,1744,50,40,2
means ,728,1743,86,41,2
and ,823,1743,49,40,2
source ,882,1742,90,41,2
of ,980,1742,34,40,2
payment ,1017,1741,120,42,2
(,1147,1741,12,40,2
including ,1157,1740,130,42,2
any ,1296,1740,50,40,2
credit ,1354,1738,79,42,2
or ,1443,1739,28,40,2
"bank
",1478,1739,67,40,2
account ,214,1787,104,36,2
number,326,1787,104,35,2
),431,1787,10,35,2
";
",444,1786,6,35,2
p,310,1854,23,23,2
. ,333,1853,5,23,2
Device ,414,1839,105,37,2
identifiers ,528,1838,143,37,2
(,682,1839,13,35,2
IMEI,693,1839,79,35,2
/,773,1839,16,35,2
MEID,792,1838,94,36,2
", ",888,1838,7,35,2
serial ,905,1838,78,35,2
number,993,1836,113,37,2
", ",1106,1837,6,35,2
SIM ,1124,1837,65,35,2
operator,1198,1835,124,37,2
", ",1322,1836,6,35,2
cell ,1338,1836,54,35,2
operator,1398,1834,123,37,2
",
",1523,1835,5,35,2
and ,213,1878,53,40,2
model ,274,1877,90,41,2
number,374,1876,112,41,2
", ",486,1877,7,39,2
etc.,503,1876,49,40,2
),554,1876,13,39,2
", ",569,1876,7,39,2
account ,585,1875,116,41,2
identifiers,710,1874,141,41,2
", ",853,1874,6,39,2
Android ,870,1873,125,41,2
ID,1004,1873,40,39,2
", ",1044,1873,7,39,2
Push ,1063,1873,73,39,2
Tokens ,1144,1871,107,41,2
and,1260,1872,56,39,2
/,1315,1871,17,39,2
or ,1334,1871,31,39,2
"Device
",1371,1870,104,40,2
Tokens,213,1918,103,39,2
", ",319,1919,5,37,2
Device ,336,1917,97,39,2
Tag,440,1918,55,37,2
", ",495,1918,7,37,2
Device ,511,1916,99,39,2
Number,617,1915,114,39,2
", ",730,1916,6,37,2
and,748,1916,49,37,2
/,795,1915,13,37,2
or ,807,1915,29,37,2
Android ,842,1914,116,39,2
Device ,968,1913,96,39,2
Configuration ,1073,1912,194,39,2
Service ,1276,1911,103,39,2
Data,1387,1911,68,37,2
", ",1453,1911,7,37,2
"etc.
",1470,1910,51,38,2
associated ,215,1958,146,36,2
with ,369,1958,64,34,2
the ,440,1958,47,34,2
Account,494,1956,127,36,2
(,620,1957,14,34,2
s,629,1957,15,34,2
),644,1957,13,34,2
";
",658,1956,7,34,2
"17
",859,2032,41,21,2
q,317,234,21,23,3
".
",339,234,6,23,3
r,316,331,18,17,3
".
",330,331,8,17,3
All ,423,223,42,36,3
records ,476,223,99,36,3
or ,585,223,29,36,3
other ,623,223,71,36,3
information ,703,223,160,36,3
stored ,872,223,84,36,3
at ,966,223,25,36,3
any ,1000,223,48,36,3
time ,1056,223,63,36,3
by ,1128,223,33,36,3
an ,1172,223,31,36,3
individual ,1212,223,137,36,3
using ,1360,223,75,36,3
"the
",1444,223,41,36,3
account,219,261,103,38,3
", ",323,261,7,37,3
including ,340,261,128,37,3
address ,477,261,104,37,3
books,590,261,82,37,3
", ",674,261,6,37,3
contact ,691,261,98,37,3
and ,796,261,50,37,3
buddy ,854,261,87,37,3
lists,951,261,55,37,3
", ",1007,261,7,37,3
calendar ,1024,261,117,37,3
data,1148,261,58,37,3
", ",1206,261,7,37,3
pictures,1223,261,109,37,3
", ",1333,261,7,37,3
and ,1349,260,50,37,3
files,1408,260,58,37,3
";
",1468,260,6,37,3
Posts,420,319,78,37,3
", ",501,319,5,37,3
status ,516,319,84,37,3
updates,609,319,113,37,3
", ",723,319,6,37,3
photographs ,739,319,180,37,3
and,929,319,56,37,3
/,983,319,19,37,3
or ,1003,319,31,37,3
videos ,1041,319,94,37,3
that ,1146,319,58,37,3
are ,1211,319,45,37,3
contained ,1264,319,145,37,3
and,1417,319,55,37,3
/,1472,319,17,37,3
"or
",1490,319,30,37,3
were ,215,360,72,38,3
uploaded ,295,360,135,38,3
in ,437,360,30,38,3
the ,473,360,48,38,3
services ,529,360,113,38,3
known ,650,360,102,38,3
as ,759,360,29,38,3
Google ,796,360,108,38,3
Photos,913,360,103,38,3
", ",1018,360,7,38,3
Picasa ,1034,360,94,38,3
web ,1137,360,59,38,3
albums,1205,360,105,38,3
", ",1312,360,6,38,3
Google ,1325,360,112,38,3
+,1448,360,19,38,3
", ",1470,360,5,38,3
"or
",1488,360,29,38,3
any ,217,401,53,38,3
other ,277,401,75,37,3
service ,362,401,97,37,3
designed ,469,401,129,37,3
to ,605,401,30,37,3
store ,645,401,68,37,3
video,722,401,79,37,3
", ",803,401,7,37,3
photographs,820,401,181,37,3
", ",1003,401,7,37,3
and,1021,401,55,37,3
/,1076,401,16,37,3
or ,1094,401,31,37,3
data,1133,401,64,37,3
", ",1197,401,7,37,3
including ,1215,401,139,37,3
the ,1359,401,46,37,3
"metadata
",1414,401,136,37,3
for ,215,442,45,32,3
each ,263,442,68,31,3
file,338,442,48,31,3
";
",380,442,12,31,3
S. ,316,512,22,15,3
Electronic ,416,500,155,36,3
files,576,500,61,36,3
", ",639,500,6,36,3
folders,655,500,97,36,3
", ",754,500,7,36,3
media,771,500,90,36,3
", ",861,500,7,36,3
and,879,500,55,36,3
/,932,500,20,36,3
or ,951,500,32,36,3
data ,991,500,63,36,3
uploaded ,1064,500,136,36,3
and,1207,500,57,36,3
/,1262,500,19,36,3
or ,1281,500,32,36,3
contained ,1320,500,145,36,3
"on
",1474,500,39,36,3
the ,216,540,44,34,3
service ,270,540,98,34,3
known ,374,540,103,34,3
as ,484,540,31,34,3
Google ,523,540,108,34,3
Drive,640,540,84,34,3
";
",724,540,7,34,3
Keep,210,638,79,32,3
";
",286,638,11,31,3
t,311,603,20,20,3
".
",326,603,7,20,3
Entries ,415,596,108,36,3
created,531,596,108,36,3
", ",639,596,7,36,3
deleted,655,596,106,36,3
", ",761,596,7,36,3
or ,777,596,32,36,3
modified ,816,596,132,36,3
using ,956,596,79,36,3
the ,1042,596,46,36,3
service ,1098,596,98,36,3
known ,1206,596,101,36,3
as ,1315,596,30,36,3
"Google
",1352,596,110,36,3
น,312,704,22,18,3
. ,333,704,8,18,3
Contacts ,415,694,131,36,3
stored ,555,694,92,36,3
using ,655,694,77,36,3
the ,740,694,44,36,3
service ,793,694,99,36,3
known ,901,694,102,36,3
as ,1012,694,30,36,3
Google ,1048,694,111,36,3
Contacts,1168,694,127,36,3
", ",1298,694,5,36,3
including ,1315,694,137,36,3
"any
",1460,694,54,36,3
contacts ,213,733,119,33,3
stored ,340,733,89,33,3
in ,437,733,29,33,3
the ,474,733,46,33,3
service ,529,733,99,33,3
known ,636,733,101,33,3
as ,746,733,29,33,3
Gmail,781,733,95,33,3
", ",879,733,6,33,3
and ,895,733,56,33,3
any ,958,733,56,33,3
other ,1023,733,75,33,3
service ,1108,733,98,33,3
where ,1216,733,89,33,3
contact ,1313,733,107,33,3
lists ,1428,733,56,33,3
"are
",1493,733,45,33,3
maintained,210,772,167,32,3
";
",374,772,7,31,3
"V.
",310,839,29,18,3
Google ,410,829,114,37,3
Play ,531,829,68,36,3
Store ,605,829,78,36,3
transactions,693,829,171,36,3
";
",866,829,7,36,3
"W.
",309,897,37,18,3
Χ,308,956,26,15,3
".
",330,956,7,15,3
Additional ,410,886,162,35,3
accounts ,581,886,127,34,3
linked ,718,886,90,34,3
by ,815,886,37,34,3
cookies,860,886,110,34,3
; ,971,886,7,34,3
"and
",989,886,55,34,3
Any ,415,944,63,35,3
of ,488,944,34,35,3
the ,526,944,44,35,3
above ,580,944,87,35,3
stated ,675,944,86,35,3
information ,769,944,174,35,3
that ,950,944,59,35,3
is ,1016,944,23,35,3
stored ,1048,944,90,35,3
or ,1147,944,31,35,3
maintained ,1186,944,165,35,3
in ,1360,944,28,35,3
"a
",1397,944,18,35,3
tombstone ,209,983,153,30,3
or ,370,983,32,29,3
deleted ,408,983,107,29,3
account ,522,983,117,29,3
or ,647,983,33,29,3
file,685,983,46,29,3
".
",733,983,5,29,3
III,161,1100,40,33,3
. ,203,1100,6,33,3
Information ,227,1100,182,33,3
to ,416,1100,31,33,3
be ,455,1100,36,33,3
Seized ,500,1100,98,33,3
by ,606,1100,36,33,3
the ,650,1100,48,33,3
"Government
",705,1100,192,33,3
All ,302,1173,58,35,3
information ,376,1173,176,35,3
described ,566,1173,142,35,3
above ,725,1173,88,35,3
in ,831,1173,33,35,3
Section ,878,1173,114,35,3
II ,1009,1173,26,35,3
that ,1054,1173,61,35,3
constitutes ,1131,1173,157,35,3
evidence,1308,1173,128,35,3
", ",1438,1173,5,35,3
fruits,1465,1173,74,35,3
",
",1542,1173,4,35,3
contraband,204,1248,170,39,3
", ",372,1248,7,39,3
and ,386,1248,60,39,3
instrumentalities ,452,1248,243,39,3
of ,703,1248,36,39,3
violations ,740,1248,142,39,3
of ,891,1248,35,39,3
18 ,932,1248,33,39,3
USC ,973,1248,73,39,3
2252,1054,1248,72,39,3
(,1125,1248,14,39,3
a,1136,1248,18,39,3
),1151,1248,13,39,3
(,1165,1248,13,39,3
2,1175,1248,18,39,3
),1192,1248,12,39,3
".
",1207,1248,5,39,3
"18
",849,2029,40,25,3
